"user_id","user_firstname","user_lastname","user_email","user_telephone","user_passwords","user_type"
1,"Adam","Warlock","test@test",630930231,"password","non-member"
2,"Prame","Sudlhor","test@test2",630930232,"password2","non-member"
3,"Lucky","Sumchai","test@test3",630930233,"password3","non-member"
4,"Pingy","Sudsuay","test@test4",630930234,"password4","non-member"
5,"Prim","Rose","test@test5",630930235,"password5","non-member"
6,"Leo","Parit","test@test6",630930236,"password6","non-member"
7,"user_firstname","user_lastname","user@email",888888888,"user@password","non-member"
